{
  "model_type": "RandomForestClassifier",
  "trained_on": "2026-03-08T18:36:48.974785",
  "feature_count": 41,
  "metrics": {
    "accuracy": 0.999403110845827,
    "precision": 0.875968992248062,
    "recall": 0.7635135135135135,
    "f1_score": 0.8158844765342961,
    "roc_auc": 0.9522735878501165,
    "pr_auc": 0.8137713214926842,
    "true_positives": 113,
    "true_negatives": 85279,
    "false_positives": 16,
    "false_negatives": 35
  },
  "parameters": {
    "n_estimators": 100,
    "max_depth": 20,
    "min_samples_split": 10,
    "min_samples_leaf": 4,
    "class_weight": "balanced",
    "random_state": 42,
    "n_jobs": -1
  }
}